"No","Type","Region","City,Town,Ward,Village code","Prefecture","City,Town,Ward,Village","Area","Nearest station：Name","Nearest station：Distance(minute)","Transaction-price(total)","Layout","Area(m^2)","Transaction-price(Unit price m^2)","Land shape","Frontage","Total floor area(m^2)","Year of construction","Building structure","Building use","Frontage road：Direction","Frontage road：Classification","Frontage road：Breadth(m)","City Planning","Maximus Building Coverage Ratio(%)","Maximus Floor-area Ratio(%)","Transaction period","Remarks"
1,"Residential Land(Land Only)","Residential Area","25201","Shiga Prefecture","Otsu City","Akanecho","Karasaki","13",16000000,"","140",110000,"Semi-rectangular Shaped","12.7","","","","","West","City Road",6.0,"Category 1 Residential District",60,200,"2nd quarter 2014",""
2,"Pre-owned Condominiums, etc.","","25201","Shiga Prefecture","Otsu City","Akibadai","Zeze","15",10000000,"3LDK","70",,"","","","1989","RC","House","","",,"Category 1 Residential District",60,200,"2nd quarter 2014","Dealings of non-redecorating real estate"
3,"Pre-owned Condominiums, etc.","","25201","Shiga Prefecture","Otsu City","Asahigaoka","Otsu","12",11000000,"3LDK","60",,"","","","1990","RC","House","","",,"Category 1 Residential District",60,200,"2nd quarter 2014","Dealings of redecorated real estate"
4,"Pre-owned Condominiums, etc.","","25201","Shiga Prefecture","Otsu City","Awazucho","Ishiyama","3",29000000,"2LDK","70",,"","","","2012","RC","House","","",,"Commercial District",80,400,"2nd quarter 2014","Dealings of non-redecorating real estate"
5,"Residential Land(Land Only)","Residential Area","25201","Shiga Prefecture","Otsu City","Ishiyamadera","Ishiyama","30-60minutes",32000000,"","990",32000,"Irregular Shaped","12.9","","","","","East","City Road",5.2,"Category 1 Residential District",60,200,"2nd quarter 2014",""
6,"Residential Land(Land Only)","Residential Area","25201","Shiga Prefecture","Otsu City","Ishiyamadera","Ishiyama","30-60minutes",11000000,"","150",69000,"&quot;Flag-shaped&quot; etc.","3.2","","","","","East","City Road",7.0,"Category 1 Residential District",60,200,"2nd quarter 2014",""
7,"Residential Land(Land Only)","Residential Area","25201","Shiga Prefecture","Otsu City","Ishiyamadera","Ishiyama","30-60minutes",71000000,"","990",71000,"&quot;Flag-shaped&quot; etc.","12.9","","","","","East","City Road",5.2,"Category 1 Residential District",60,200,"2nd quarter 2014",""
8,"Pre-owned Condominiums, etc.","","25201","Shiga Prefecture","Otsu City","Ichiriyama","Seta (Shiga)","3",13000000,"2LDK","60",,"","","","2000","RC","House","","",,"Commercial District",80,400,"2nd quarter 2014","Dealings of non-redecorating real estate"
9,"Residential Land(Land and Building)","Residential Area","25201","Shiga Prefecture","Otsu City","Inazu","Seta (Shiga)","1H-1H30",8800000,"","120",,"Rectangular Shaped","6.0","75","1982","W","House","North","City Road",7.5,"Category 1 Residential District",60,200,"2nd quarter 2014",""
10,"Pre-owned Condominiums, etc.","","25201","Shiga Prefecture","Otsu City","Imakatata","Katata","14",9800000,"3LDK","55",,"","","","1995","SRC","House","","",,"Commercial District",80,400,"2nd quarter 2014","Dealings of redecorated real estate"
11,"Residential Land(Land and Building)","Commercial Area","25201","Shiga Prefecture","Otsu City","Umebayashi","Otsu","2",13000000,"","70",,"Semi-rectangular Shaped","5.6","75","","W","House","North","Prefectural Road",15.0,"Category 2 Residential District",60,200,"2nd quarter 2014",""
12,"Residential Land(Land Only)","Residential Area","25201","Shiga Prefecture","Otsu City","Eda","Seta (Shiga)","1H30-2H",8000000,"","125",64000,"Semi-rectangular Shaped","8.0","","","","","Southeast","City Road",6.0,"Category 1 Residential District",60,200,"2nd quarter 2014",""
13,"Residential Land(Land and Building)","Residential Area","25201","Shiga Prefecture","Otsu City","Oiwakecho","Oiwake (Shiga)","9",21000000,"","110",,"Semi-rectangular Shaped","9.0","95","2013","W","","North","City Road",5.5,"Category 2 Residential District",60,200,"2nd quarter 2014",""
14,"Pre-owned Condominiums, etc.","","25201","Shiga Prefecture","Otsu City","Osaka","Otsu","3",12000000,"2LDK","55",,"","","","1995","RC","House","","",,"Category 1 Residential District",60,200,"2nd quarter 2014","Dealings of non-redecorating real estate"
15,"Residential Land(Land and Building)","Residential Area","25201","Shiga Prefecture","Otsu City","Oe","Seta (Shiga)","28",18000000,"","110",,"Irregular Shaped","","105","1994","W","House","North","City Road",6.0,"Category 1 Exclusive Mid-high Rise Residential District",60,200,"2nd quarter 2014",""
16,"Residential Land(Land and Building)","Residential Area","25201","Shiga Prefecture","Otsu City","Oe","Seta (Shiga)","23",3500000,"","65",,"Irregular Shaped","12.0","50","1974","W","House","East","Road",3.5,"Category 1 Exclusive Mid-high Rise Residential District",60,200,"2nd quarter 2014",""
17,"Residential Land(Land and Building)","Residential Area","25201","Shiga Prefecture","Otsu City","Ogaya","Seta (Shiga)","14",27000000,"","260",,"Semi-rectangular Shaped","17.5","125","1978","W","House","Southeast","City Road",,"Category 1 Residential District",60,200,"2nd quarter 2014",""
18,"Pre-owned Condominiums, etc.","","25201","Shiga Prefecture","Otsu City","Ogaya","Seta (Shiga)","4",28000000,"4LDK","95",,"","","","2002","SRC","House","","",,"Commercial District",80,500,"2nd quarter 2014","Dealings of redecorated real estate"
19,"Pre-owned Condominiums, etc.","","25201","Shiga Prefecture","Otsu City","Oginosato","Ogotoonsen","16",13000000,"3LDK","100",,"","","","1990","RC","House","","",,"Category 1 Exclusive Mid-high Rise Residential District",60,200,"2nd quarter 2014","Dealings of redecorated real estate"
20,"Residential Land(Land and Building)","Residential Area","25201","Shiga Prefecture","Otsu City","Oginosatohigashi","Ogotoonsen","12",46000000,"","220",,"Rectangular Shaped","13.0","170","2004","W","House","Southeast","City Road",6.0,"Category 1 Exclusive Low Rise Residential District",50,80,"2nd quarter 2014",""
21,"Residential Land(Land and Building)","Residential Area","25201","Shiga Prefecture","Otsu City","Ohira","Ishiyama","30-60minutes",23000000,"","150",,"Semi-rectangular Shaped","9.2","120","2014","W","House","South","City Road",5.0,"Category 1 Exclusive Mid-high Rise Residential District",60,200,"2nd quarter 2014",""
22,"Residential Land(Land and Building)","Residential Area","25201","Shiga Prefecture","Otsu City","Ogoto","Ogotoonsen","18",18000000,"","125",,"Semi-shaped","8.8","120","2006","W","House","Northwest","City Road",6.0,"Commercial District",80,400,"2nd quarter 2014",""
23,"Residential Land(Land Only)","Residential Area","25201","Shiga Prefecture","Otsu City","Ogoto","Ogotoonsen","15",28000000,"","220",130000,"Semi-rectangular Shaped","8.8","","","","","West","Road",4.0,"Category 1 Residential District",60,200,"2nd quarter 2014","Dealings including private road"
24,"Residential Land(Land Only)","Residential Area","25201","Shiga Prefecture","Otsu City","Ogoto","Ogotoonsen","15",11000000,"","145",76000,"Semi-trapezoidal Shaped","11.0","","","","","Northwest","Private Road",6.0,"Category 1 Residential District",60,200,"2nd quarter 2014",""
25,"Residential Land(Land Only)","Residential Area","25201","Shiga Prefecture","Otsu City","Ogotokita","Ogotoonsen","3",40000000,"","400",100000,"Rectangular Shaped","21.0","","","","","South","City Road",6.0,"Category 1 Exclusive Low Rise Residential District",50,80,"2nd quarter 2014",""
26,"Residential Land(Land Only)","Commercial Area","25201","Shiga Prefecture","Otsu City","Ono","Ono (Shiga)","4",26000000,"","580",45000,"Semi-rectangular Shaped","22.0","","","","","West","Prefectural Road",16.0,"Urbanization Control Area",60,200,"2nd quarter 2014",""
27,"Pre-owned Condominiums, etc.","","25201","Shiga Prefecture","Otsu City","Kagamigahama","Otsukyo","20",7000000,"1DK","30",,"","","","2008","RC","House","","",,"Commercial District",80,400,"2nd quarter 2014","Dealings of non-redecorating real estate"
28,"Pre-owned Condominiums, etc.","","25201","Shiga Prefecture","Otsu City","Kagamigahama","Otsukyo","20",5600000,"1DK","35",,"","","","2008","RC","House","","",,"Commercial District",80,400,"2nd quarter 2014","Dealings of non-redecorating real estate"
29,"Pre-owned Condominiums, etc.","","25201","Shiga Prefecture","Otsu City","Karahashicho","Ishiyama","10",29000000,"3LDK","75",,"","","","2009","SRC","House","","",,"Commercial District",80,400,"2nd quarter 2014","Dealings of non-redecorating real estate"
30,"Pre-owned Condominiums, etc.","","25201","Shiga Prefecture","Otsu City","Karahashicho","Ishiyama","9",7000000,"4LDK","70",,"","","","2001","SRC","House","","",,"Commercial District",80,400,"2nd quarter 2014","Dealings of non-redecorating real estate"
31,"Residential Land(Land and Building)","Residential Area","25201","Shiga Prefecture","Otsu City","Kitaoji","Ishiyama","15",39000000,"","150",,"Rectangular Shaped","9.2","130","2014","","","South","Road",6.0,"Category 1 Residential District",60,200,"2nd quarter 2014",""
32,"Residential Land(Land and Building)","Residential Area","25201","Shiga Prefecture","Otsu City","Kitahira","Hira (Shiga)","21",1200000,"","170",,"Semi-trapezoidal Shaped","9.0","75","1979","LS","House","Northeast","Private Road",6.0,"Urbanization Control Area",60,200,"2nd quarter 2014",""
33,"Residential Land(Land Only)","Residential Area","25201","Shiga Prefecture","Otsu City","Kitahira","Hira (Shiga)","9",24000000,"","410",57000,"Semi-rectangular Shaped","34.4","","","","","Southwest","City Road",2.8,"Urbanization Control Area",60,200,"2nd quarter 2014",""
34,"Residential Land(Land and Building)","Residential Area","25201","Shiga Prefecture","Otsu City","Kido","Shiga","14",2700000,"","350",,"Semi-trapezoidal Shaped","17.0","45","1974","LS","House","North","Private Road",4.0,"Urbanization Control Area",60,200,"2nd quarter 2014","Dealings including private road"
35,"Residential Land(Land Only)","Commercial Area","25201","Shiga Prefecture","Otsu City","Kido","Shiga","3",51000000,"","2,000 m^2 or greater.",26000,"Irregular Shaped","41.0","","","","","Northeast","Prefectural Road",16.0,"Category 1 Residential District",60,200,"2nd quarter 2014",""
36,"Residential Land(Land and Building)","Residential Area","25201","Shiga Prefecture","Otsu City","Kokubu","Ishiyama","24",13000000,"","280",,"Semi-rectangular Shaped","20.0","145","1989","W","House","Northwest","City Road",8.0,"Category 2 Exclusive Mid-high Rise Residential District",60,200,"2nd quarter 2014",""
37,"Residential Land(Land and Building)","Residential Area","25201","Shiga Prefecture","Otsu City","Kokubu","Ishiyama","25",33000000,"","150",,"Semi-trapezoidal Shaped","12.0","130","2014","W","House","Northwest","Private Road",6.0,"Category 2 Exclusive Mid-high Rise Residential District",60,200,"2nd quarter 2014",""
38,"Residential Land(Land Only)","Residential Area","25201","Shiga Prefecture","Otsu City","Kokubu","Ishiyama","30-60minutes",10000000,"","410",24000,"Irregular Shaped","20.0","","","","","Southeast","City Road",4.3,"Urbanization Control Area",60,200,"2nd quarter 2014",""
39,"Residential Land(Land Only)","Residential Area","25201","Shiga Prefecture","Otsu City","Sakamoto","Hieizansakamoto","12",48000000,"","910",52000,"Irregular Shaped","28.0","","","","","North","City Road",4.0,"Category 1 Residential District",60,200,"2nd quarter 2014",""
40,"Residential Land(Land and Building)","Residential Area","25201","Shiga Prefecture","Otsu City","Sakamoto","Hieizansakamoto","19",13000000,"","410",,"Semi-square Shaped","18.0","135","1975","W","House","East","Private Road",4.0,"Category 1 Exclusive Low Rise Residential District",50,80,"2nd quarter 2014","Dealings including private road"
41,"Residential Land(Land Only)","Residential Area","25201","Shiga Prefecture","Otsu City","Sakamoto","Hieizansakamoto","11",9700000,"","125",77000,"Semi-rectangular Shaped","8.1","","","","","Northwest","City Road",6.0,"Category 1 Exclusive Mid-high Rise Residential District",60,200,"2nd quarter 2014",""
42,"Residential Land(Land Only)","Residential Area","25201","Shiga Prefecture","Otsu City","Sakamoto","Hieizansakamoto","2",11000000,"","110",100000,"Semi-rectangular Shaped","6.7","","","","","Southwest","City Road",6.0,"Category 1 Residential District",60,200,"2nd quarter 2014",""
43,"Residential Land(Land and Building)","Residential Area","25201","Shiga Prefecture","Otsu City","Sakamoto","Hieizansakamoto","18",9000000,"","220",,"Semi-shaped","16.0","140","1984","W","House","East","City Road",6.0,"Category 1 Residential District",60,200,"2nd quarter 2014",""
44,"Residential Land(Land Only)","Residential Area","25201","Shiga Prefecture","Otsu City","Sakamoto","Hieizansakamoto","11",8000000,"","140",58000,"Semi-square Shaped","11.9","","","","","East","City Road",7.5,"Category 1 Residential District",60,200,"2nd quarter 2014",""
45,"Pre-owned Condominiums, etc.","","25201","Shiga Prefecture","Otsu City","Sakuranocho","Otsukyo","7",15000000,"3LDK","70",,"","","","2000","RC","House","","",,"Category 1 Residential District",60,200,"2nd quarter 2014","Dealings of redecorated real estate"
46,"Residential Land(Land and Building)","Residential Area","25201","Shiga Prefecture","Otsu City","Shimosakamoto","Karasaki","11",6600000,"","185",,"Semi-rectangular Shaped","8.7","240","1985","W","House, Office, Workshop","Northwest","City Road",8.5,"Category 1 Residential District",60,200,"2nd quarter 2014",""
47,"Residential Land(Land Only)","Residential Area","25201","Shiga Prefecture","Otsu City","Shimosakamoto","Hieizansakamoto","15",38000000,"","490",79000,"Semi-shaped","38.0","","","","","Southwest","City Road",8.0,"Category 1 Exclusive Mid-high Rise Residential District",60,200,"2nd quarter 2014",""
48,"Residential Land(Land and Building)","Commercial Area","25201","Shiga Prefecture","Otsu City","Shimosakamoto","Hieizansakamoto","11",10000000,"","160",,"Semi-rectangular Shaped","11.0","110","1988","W","House, Shop","Southeast","National Highway",8.5,"Category 2 Residential District",60,200,"2nd quarter 2014",""
49,"Residential Land(Land and Building)","Residential Area","25201","Shiga Prefecture","Otsu City","Shimosakamoto","Hieizansakamoto","10",21000000,"","125",,"Semi-square Shaped","11.3","100","2009","W","House","Southwest","City Road",6.0,"Category 1 Residential District",60,200,"2nd quarter 2014",""
50,"Residential Land(Land and Building)","Residential Area","25201","Shiga Prefecture","Otsu City","Jinryo","Seta (Shiga)","30-60minutes",15000000,"","125",,"Semi-rectangular Shaped","9.2","120","1984","LS","House","Northeast","City Road",,"Category 1 Exclusive Mid-high Rise Residential District",60,200,"2nd quarter 2014",""
51,"Residential Land(Land and Building)","Residential Area","25201","Shiga Prefecture","Otsu City","Sugiuracho","Ishiyama","15",32000000,"","130",,"Semi-shaped","8.9","","2014","W","House","West","City Road",6.0,"Category 1 Residential District",60,200,"2nd quarter 2014",""
52,"Residential Land(Land Only)","Residential Area","25201","Shiga Prefecture","Otsu City","Sugiuracho","Ishiyama","14",19000000,"","150",130000,"Irregular Shaped","16.4","","","","","North","City Road",6.0,"Category 1 Residential District",60,200,"2nd quarter 2014","Dealings including private road"
53,"Residential Land(Land Only)","Residential Area","25201","Shiga Prefecture","Otsu City","Seta","Ishiyama","30-60minutes",28000000,"","1400",20000,"Semi-rectangular Shaped","","","","","","Northeast","City Road",,"Urbanization Control Area",60,200,"2nd quarter 2014",""
54,"Pre-owned Condominiums, etc.","","25201","Shiga Prefecture","Otsu City","Seta","Ishiyama","19",20000000,"3LDK","70",,"","","","2008","RC","House","","",,"Commercial District",80,400,"2nd quarter 2014","Dealings of non-redecorating real estate"
55,"Residential Land(Land Only)","Residential Area","25201","Shiga Prefecture","Otsu City","Daimondoori","Otsukyo","18",23000000,"","220",100000,"Rectangular Shaped","9.2","","","","","North","Prefectural Road",7.0,"Category 1 Residential District",60,200,"2nd quarter 2014",""
56,"Pre-owned Condominiums, etc.","","25201","Shiga Prefecture","Otsu City","Chagasaki","Otsukyo","11",35000000,"3LDK","85",,"","","","2007","RC","House","","",,"Commercial District",80,400,"2nd quarter 2014","Dealings of non-redecorating real estate"
57,"Residential Land(Land and Building)","Residential Area","25201","Shiga Prefecture","Otsu City","Chuo","Otsu","12",10000000,"","60",,"Semi-rectangular Shaped","4.8","70","","W","House","Northwest","City Road",3.4,"Commercial District",80,400,"2nd quarter 2014","Dealings of adjacent land"
58,"Pre-owned Condominiums, etc.","","25201","Shiga Prefecture","Otsu City","Chuo","Otsu","8",11000000,"2LDK","70",,"","","","1989","SRC","House","","",,"Commercial District",80,500,"2nd quarter 2014","Dealings of non-redecorating real estate"
59,"Residential Land(Land and Building)","Residential Area","25201","Shiga Prefecture","Otsu City","Tsukinowa","Seta (Shiga)","21",34000000,"","145",,"Irregular Shaped","","130","2013","W","House","Northwest","City Road",8.8,"Industrial District",60,200,"2nd quarter 2014",""
60,"Residential Land(Land and Building)","Residential Area","25201","Shiga Prefecture","Otsu City","Tsukinowa","Seta (Shiga)","23",22000000,"","125",,"Semi-rectangular Shaped","9.3","110","2007","W","House","Southeast","City Road",6.0,"Industrial District",60,200,"2nd quarter 2014",""
61,"Residential Land(Land and Building)","Residential Area","25201","Shiga Prefecture","Otsu City","Tsukinowa","Seta (Shiga)","20",23000000,"","145",,"&quot;Flag-shaped&quot; etc.","3.2","100","2012","W","House","Northeast","Road",,"Semi-industrial District",60,200,"2nd quarter 2014",""
62,"Residential Land(Land Only)","Potential Residential Area","25201","Shiga Prefecture","Otsu City","Tsukinowa","Seta (Shiga)","18",16000000,"","720",22000,"Irregular Shaped","","","","","","No facing road","",,"Semi-industrial District",60,200,"2nd quarter 2014",""
63,"Residential Land(Land Only)","Residential Area","25201","Shiga Prefecture","Otsu City","Tsukinowa","Seta (Shiga)","28",11000000,"","140",80000,"Semi-rectangular Shaped","10.0","","","","","Northwest","City Road",6.0,"Category 1 Exclusive Mid-high Rise Residential District",60,200,"2nd quarter 2014",""
64,"Residential Land(Land and Building)","Residential Area","25201","Shiga Prefecture","Otsu City","Nango","Ishiyama","30-60minutes",14000000,"","70",,"Semi-rectangular Shaped","11.0","120","1995","S","House","Northwest","City Road",5.0,"Category 2 Exclusive Mid-high Rise Residential District",60,200,"2nd quarter 2014",""
65,"Residential Land(Land and Building)","Residential Area","25201","Shiga Prefecture","Otsu City","Nangokamiyamacho","Ishiyama","1H-1H30",28000000,"","185",,"Semi-trapezoidal Shaped","11.3","100","2014","W","House","Northeast","City Road",6.0,"Category 1 Exclusive Mid-high Rise Residential District",60,200,"2nd quarter 2014",""
66,"Pre-owned Condominiums, etc.","","25201","Shiga Prefecture","Otsu City","Nionohama","Zeze","11",17000000,"3LDK","65",,"","","","1976","SRC","House","","",,"Commercial District",80,400,"2nd quarter 2014","Dealings of non-redecorating real estate"
67,"Pre-owned Condominiums, etc.","","25201","Shiga Prefecture","Otsu City","Nionohama","Zeze","8",17000000,"3LDK","65",,"","","","1998","SRC","House","","",,"Near Commercial District",80,300,"2nd quarter 2014","Dealings of non-redecorating real estate"
68,"Pre-owned Condominiums, etc.","","25201","Shiga Prefecture","Otsu City","Nionohama","Zeze","14",8000000,"3LDK","65",,"","","","1979","SRC","House","","",,"Near Commercial District",80,300,"2nd quarter 2014","Dealings of non-redecorating real estate"
69,"Pre-owned Condominiums, etc.","","25201","Shiga Prefecture","Otsu City","Nionohama","Zeze","7",44000000,"4LDK","90",,"","","","2010","RC","House","","",,"Commercial District",80,400,"2nd quarter 2014","Dealings of non-redecorating real estate"
70,"Pre-owned Condominiums, etc.","","25201","Shiga Prefecture","Otsu City","Nionohama","Zeze","8",18000000,"3LDK","70",,"","","","1998","SRC","House","","",,"Near Commercial District",80,300,"2nd quarter 2014","Dealings of non-redecorating real estate"
71,"Pre-owned Condominiums, etc.","","25201","Shiga Prefecture","Otsu City","Nionohama","Zeze","14",8800000,"3LDK","65",,"","","","1979","SRC","House","","",,"Near Commercial District",80,300,"2nd quarter 2014","Dealings of redecorated real estate"
72,"Pre-owned Condominiums, etc.","","25201","Shiga Prefecture","Otsu City","Nishikoori","Otsukyo","8",12000000,"3LDK","65",,"","","","2000","RC","House","","",,"Category 1 Residential District",60,200,"2nd quarter 2014","Dealings of redecorated real estate"
73,"Residential Land(Land Only)","Residential Area","25201","Shiga Prefecture","Otsu City","Nishinosho","Zeze","11",19000000,"","100",200000,"Semi-shaped","6.4","","","","","Northeast","City Road",7.0,"Category 1 Residential District",60,200,"2nd quarter 2014",""
74,"Residential Land(Land and Building)","Residential Area","25201","Shiga Prefecture","Otsu City","Nihommatsu","Otsukyo","11",5500000,"","55",,"Semi-trapezoidal Shaped","6.6","65","1977","W","House","South","City Road",3.6,"Category 1 Residential District",60,200,"2nd quarter 2014",""
75,"Pre-owned Condominiums, etc.","","25201","Shiga Prefecture","Otsu City","Hamaotsu","Hamaotsu","4",9600000,"3LDK","65",,"","","","1989","SRC","House","","",,"Commercial District",80,400,"2nd quarter 2014","Dealings in which auction or arbiter participates, Dealings of non-redecorating real estate"
76,"Pre-owned Condominiums, etc.","","25201","Shiga Prefecture","Otsu City","Hamaotsu","Hamaotsu","6",17000000,"1DK","40",,"","","","2011","RC","House","","",,"Commercial District",80,400,"2nd quarter 2014","Dealings of non-redecorating real estate"
77,"Pre-owned Condominiums, etc.","","25201","Shiga Prefecture","Otsu City","Hamaotsu","Miidera","1",10000000,"2LDK","55",,"","","","2005","RC","House","","",,"Commercial District",80,400,"2nd quarter 2014","Dealings of non-redecorating real estate"
78,"Pre-owned Condominiums, etc.","","25201","Shiga Prefecture","Otsu City","Bamba","Zeze","3",8100000,"1LDK","60",,"","","","1977","SRC","House","","",,"Category 1 Residential District",60,200,"2nd quarter 2014","Dealings of non-redecorating real estate"
79,"Residential Land(Land Only)","Residential Area","25201","Shiga Prefecture","Otsu City","Hieitsuji","Hieizansakamoto","12",16000000,"","200",78000,"Semi-rectangular Shaped","9.3","","","","","North","City Road",6.0,"Category 2 Residential District",60,200,"2nd quarter 2014",""
80,"Residential Land(Land and Building)","Residential Area","25201","Shiga Prefecture","Otsu City","Hieitsuji","Hieizansakamoto","8",30000000,"","130",,"Semi-rectangular Shaped","12.3","110","2014","W","House","Southwest","City Road",6.0,"Category 1 Exclusive Mid-high Rise Residential District",60,200,"2nd quarter 2014",""
81,"Residential Land(Land Only)","Residential Area","25201","Shiga Prefecture","Otsu City","Hikarigaokacho","Ishiyama","11",2300000,"","120",19000,"&quot;Flag-shaped&quot; etc.","","","","","","Southwest","City Road",4.0,"Category 1 Residential District",60,200,"2nd quarter 2014",""
82,"Residential Land(Land Only)","Residential Area","25201","Shiga Prefecture","Otsu City","Hiyoshidai","Hieizansakamoto","21",9400000,"","210",45000,"Semi-shaped","17.0","","","","","West","City Road",6.0,"Category 1 Exclusive Low Rise Residential District",50,80,"2nd quarter 2014",""
83,"Residential Land(Land Only)","Residential Area","25201","Shiga Prefecture","Otsu City","Fujiokumachi","Oiwake (Shiga)","20",10000000,"","200",51000,"Semi-square Shaped","13.0","","","","","North","Private Road",4.9,"Category 1 Exclusive Mid-high Rise Residential District",60,200,"2nd quarter 2014","Dealings including private road"
84,"Residential Land(Land and Building)","Residential Area","25201","Shiga Prefecture","Otsu City","Fujimidai","Ishiyama","20",8000000,"","100",,"Semi-rectangular Shaped","13.5","95","1990","W","House","Southwest","Private Road",2.4,"Category 1 Residential District",60,200,"2nd quarter 2014",""
85,"Pre-owned Condominiums, etc.","","25201","Shiga Prefecture","Otsu City","Fujimidai","Ishiyama","19",8000000,"3LDK","65",,"","","","1993","RC","House","","",,"Category 1 Residential District",60,200,"2nd quarter 2014",""
86,"Residential Land(Land Only)","Residential Area","25201","Shiga Prefecture","Otsu City","Beppo","Ishiyama","11",10000000,"","80",130000,"Semi-shaped","10.5","","","","","North","Private Road",3.5,"Category 1 Residential District",60,200,"2nd quarter 2014",""
87,"Pre-owned Condominiums, etc.","","25201","Shiga Prefecture","Otsu City","Matsubaracho","Ishiyama","6",10000000,"Open Floor","95",,"","","","1992","RC","Shop","","",,"Commercial District",80,400,"2nd quarter 2014","Dealings of non-redecorating real estate"
88,"Residential Land(Land Only)","Commercial Area","25201","Shiga Prefecture","Otsu City","Matsumoto","Zeze","9",24000000,"","250",95000,"Irregular Shaped","3.6","","","","","Southwest","City Road",6.0,"Near Commercial District",80,150,"2nd quarter 2014",""
89,"Residential Land(Land and Building)","Commercial Area","25201","Shiga Prefecture","Otsu City","Matsumoto","Zeze","9",50000000,"","240",,"Semi-shaped","12.0","","1983","S","Other","Southwest","City Road",6.0,"Near Commercial District",80,200,"2nd quarter 2014",""
90,"Residential Land(Land Only)","Residential Area","25201","Shiga Prefecture","Otsu City","Matsuyamacho","Otsukyo","9",27000000,"","165",160000,"Semi-shaped","10.4","","","","","West","City Road",5.5,"Category 1 Residential District",60,200,"2nd quarter 2014",""
91,"Residential Land(Land Only)","Residential Area","25201","Shiga Prefecture","Otsu City","Minamikomatsu","Omimaiko","23",5800000,"","330",18000,"Semi-rectangular Shaped","20.0","","","","","Southeast","Private Road",4.0,"Urbanization Control Area",60,200,"2nd quarter 2014",""
92,"Residential Land(Land and Building)","Residential Area","25201","Shiga Prefecture","Otsu City","Minamikomatsu","Omimaiko","23",5900000,"","250",,"Semi-rectangular Shaped","15.0","50","1975","LS","House","Northwest","Private Road",4.0,"Urbanization Control Area",60,200,"2nd quarter 2014",""
93,"Residential Land(Land Only)","Residential Area","25201","Shiga Prefecture","Otsu City","Minamikomatsu","Omimaiko","14",7200000,"","240",30000,"Semi-rectangular Shaped","8.8","","","","","Southeast","City Road",3.8,"Urbanization Control Area",60,200,"2nd quarter 2014","Dealings of adjacent land"
94,"Residential Land(Land and Building)","Residential Area","25201","Shiga Prefecture","Otsu City","Motomiya","Zeze","10",16000000,"","60",,"Irregular Shaped","7.6","60","2014","W","House","South","City Road",4.0,"Category 1 Exclusive Mid-high Rise Residential District",60,200,"2nd quarter 2014",""
95,"Pre-owned Condominiums, etc.","","25201","Shiga Prefecture","Otsu City","Yanagasaki","Otsukyo","13",30000000,"3LDK","80",,"","","","2011","RC","House","","",,"Commercial District",80,400,"2nd quarter 2014","Dealings of non-redecorating real estate"
96,"Residential Land(Land and Building)","Residential Area","25201","Shiga Prefecture","Otsu City","Yayoicho","Karasaki","9",23000000,"","140",,"Semi-rectangular Shaped","9.3","105","2014","W","House","East","City Road",6.0,"Category 1 Exclusive Mid-high Rise Residential District",60,200,"2nd quarter 2014",""
97,"Residential Land(Land Only)","Residential Area","25201","Shiga Prefecture","Otsu City","Wanitakashiro","Wani","3",9800000,"","340",29000,"Semi-trapezoidal Shaped","11.0","","","","","South","City Road",6.0,"Category 1 Residential District",60,200,"2nd quarter 2014",""
98,"Residential Land(Land and Building)","Residential Area","25201","Shiga Prefecture","Otsu City","Waninaka","Wani","13",33000000,"","230",,"Semi-square Shaped","15.0","130","2014","W","House","South","City Road",6.0,"Category 1 Exclusive Low Rise Residential District",50,80,"2nd quarter 2014",""
99,"Residential Land(Land and Building)","Residential Area","25202","Shiga Prefecture","Hikone City","Oboricho","Hikone","24",39000000,"","165",,"Semi-rectangular Shaped","","","","","","Southeast","City Road",6.0,"Category 1 Residential District",60,200,"2nd quarter 2014",""
100,"Residential Land(Land and Building)","Residential Area","25202","Shiga Prefecture","Hikone City","Kaizecho","Inae","23",15000000,"","300",,"Semi-rectangular Shaped","24.0","220","1997","LS","House","Southeast","City Road",3.0,"Urbanization Control Area",70,200,"2nd quarter 2014",""
101,"Residential Land(Land Only)","Commercial Area","25202","Shiga Prefecture","Hikone City","Kawara","Hikone","16",13000000,"","185",69000,"Semi-rectangular Shaped","","","","","","Northwest","Prefectural Road",12.0,"",,,"2nd quarter 2014",""
102,"Residential Land(Land Only)","Potential Residential Area","25202","Shiga Prefecture","Hikone City","Kanrocho","Kawase","30-60minutes",2500000,"","230",11000,"Trapezoidal Shaped","25.4","","","","","Southwest","Road",2.0,"Urbanization Control Area",70,200,"2nd quarter 2014",""
103,"Residential Land(Land Only)","Potential Residential Area","25202","Shiga Prefecture","Hikone City","Kanrocho","Kawase","30-60minutes",1500000,"","140",11000,"Rectangular Shaped","15.5","","","","","Southwest","Road",2.0,"Urbanization Control Area",70,200,"2nd quarter 2014",""
104,"Residential Land(Land Only)","Potential Residential Area","25202","Shiga Prefecture","Hikone City","Kanrocho","Kawase","30-60minutes",1100000,"","100",11000,"Rectangular Shaped","11.0","","","","","Southwest","Road",2.0,"Urbanization Control Area",70,200,"2nd quarter 2014",""
105,"Residential Land(Land Only)","Potential Residential Area","25202","Shiga Prefecture","Hikone City","Kanrocho","Kawase","30-60minutes",2400000,"","230",11000,"Rectangular Shaped","24.5","","","","","Southeast","Road",2.0,"Urbanization Control Area",70,200,"2nd quarter 2014",""
106,"Residential Land(Land Only)","Potential Residential Area","25202","Shiga Prefecture","Hikone City","Kanrocho","Minamihikone","30-60minutes",7100000,"","930",7600,"Rectangular Shaped","20.0","","","","","Southeast","Prefectural Road",9.0,"Urbanization Control Area",70,200,"2nd quarter 2014",""
107,"Residential Land(Land and Building)","Residential Area","25202","Shiga Prefecture","Hikone City","Koizumicho","Minamihikone","10",57000000,"","1300",,"Trapezoidal Shaped","35.0","730","1989","S","Office, Warehouse","Southwest","Road",6.5,"Near Commercial District",80,200,"2nd quarter 2014",""
108,"Residential Land(Land and Building)","Commercial Area","25202","Shiga Prefecture","Hikone City","Koizumicho","Minamihikone","6",45000000,"","810",,"Rectangular Shaped","20.0","1300","2003","S","Warehouse, Shop","Southwest","Prefectural Road",22.4,"Near Commercial District",80,200,"2nd quarter 2014",""
109,"Pre-owned Condominiums, etc.","","25202","Shiga Prefecture","Hikone City","Koizumicho","Minamihikone","1",15000000,"2DK","60",,"","","","2007","RC","House","","",,"Near Commercial District",80,200,"2nd quarter 2014","Dealings of non-redecorating real estate"
110,"Pre-owned Condominiums, etc.","","25202","Shiga Prefecture","Hikone City","Koizumicho","Minamihikone","2",15000000,"2LDK","70",,"","","","","RC","House","","",,"Semi-industrial District",60,200,"2nd quarter 2014","Dealings of non-redecorating real estate"
111,"Agricultural Land","","25202","Shiga Prefecture","Hikone City","Serikawacho","","",25000000,"","1600",,"","","","","","","","",,"",,,"2nd quarter 2014",""
112,"Residential Land(Land Only)","Residential Area","25202","Shiga Prefecture","Hikone City","Takamiyacho","Gokasho","11",10000000,"","180",56000,"Semi-rectangular Shaped","16.5","","","","","Northeast","Road",6.0,"Category 1 Residential District",60,200,"2nd quarter 2014",""
113,"Residential Land(Land Only)","Residential Area","25202","Shiga Prefecture","Hikone City","Takamiyacho","Takamiya (Shiga)","3",2800000,"","105",26000,"Semi-rectangular Shaped","4.5","","","","","Northwest","City Road",6.0,"Near Commercial District",80,200,"2nd quarter 2014",""
114,"Residential Land(Land and Building)","Residential Area","25202","Shiga Prefecture","Hikone City","Takamiyacho","Takamiya (Shiga)","8",19000000,"","155",,"Semi-trapezoidal Shaped","15.0","105","2013","W","House","Northeast","City Road",6.0,"Category 1 Residential District",60,200,"2nd quarter 2014",""
115,"Residential Land(Land Only)","Potential Residential Area","25202","Shiga Prefecture","Hikone City","Takamiyacho","Takamiya (Shiga)","14",15000000,"","2,000 m^2 or greater.",5100,"Semi-rectangular Shaped","50.0m or longer.","","","","","Southwest","City Road",5.5,"Industrial District",60,200,"2nd quarter 2014",""
116,"Residential Land(Land and Building)","Residential Area","25202","Shiga Prefecture","Hikone City","Takamiyacho","Takamiya (Shiga)","9",16000000,"","155",,"Semi-rectangular Shaped","13.9","105","2013","W","House","Northeast","City Road",6.0,"Category 1 Residential District",60,200,"2nd quarter 2014",""
117,"Residential Land(Land Only)","Commercial Area","25202","Shiga Prefecture","Hikone City","Tachibanacho","Hikone","10",7300000,"","125",58000,"Semi-rectangular Shaped","","","","","","Northwest","City Road",16.0,"Near Commercial District",80,500,"2nd quarter 2014",""
118,"Residential Land(Land and Building)","Residential Area","25202","Shiga Prefecture","Hikone City","Tachibanacho","Hikone","11",18000000,"","350",,"Irregular Shaped","9.5","155","1995","W","House","Southeast","City Road",4.5,"",,,"2nd quarter 2014",""
119,"Agricultural Land","","25202","Shiga Prefecture","Hikone City","Tomachi","","",21000000,"","330",,"","","","","","","","",,"",,,"2nd quarter 2014",""
120,"Residential Land(Land Only)","Residential Area","25202","Shiga Prefecture","Hikone City","Nishiimacho","Minamihikone","21",13000000,"","165",75000,"Semi-rectangular Shaped","12.5","","","","","North","City Road",6.0,"Category 1 Exclusive Mid-high Rise Residential District",60,200,"2nd quarter 2014",""
121,"Residential Land(Land and Building)","Residential Area","25202","Shiga Prefecture","Hikone City","Nishiimacho","Minamihikone","28",31000000,"","400",,"Semi-rectangular Shaped","22.9","200","2002","S","Housing Complex","Northeast","Road",6.0,"Category 1 Residential District",60,200,"2nd quarter 2014","Dealings in which auction or arbiter participates"
122,"Residential Land(Land and Building)","Residential Area","25202","Shiga Prefecture","Hikone City","Nishiimacho","Minamihikone","30-60minutes",25000000,"","220",,"Rectangular Shaped","13.0","180","1997","LS","Housing Complex","Northwest","City Road",4.5,"Category 1 Exclusive Mid-high Rise Residential District",60,200,"2nd quarter 2014",""
123,"Residential Land(Land and Building)","Residential Area","25202","Shiga Prefecture","Hikone City","Nishiimacho","Minamihikone","30-60minutes",11000000,"","220",,"Rectangular Shaped","","145","1998","W","House","Northwest","City Road",4.5,"Category 1 Exclusive Mid-high Rise Residential District",60,200,"2nd quarter 2014",""
124,"Residential Land(Land Only)","Residential Area","25202","Shiga Prefecture","Hikone City","Nishikimachi","Hikone","13",52000000,"","740",70000,"Semi-rectangular Shaped","","","","","","Northwest","City Road",3.3,"Near Commercial District",80,200,"2nd quarter 2014",""
125,"Residential Land(Land and Building)","Industrial Area","25202","Shiga Prefecture","Hikone City","Nishitsuzuramachi","Kawase","23",11000000,"","580",,"Semi-trapezoidal Shaped","16.0","650","1972","S","House, Factory","Southwest","Road",5.5,"Semi-industrial District",60,200,"2nd quarter 2014","Dealings between related objects"
126,"Residential Land(Land Only)","Residential Area","25202","Shiga Prefecture","Hikone City","Nishinonamicho","Hikone","30-60minutes",9800000,"","155",63000,"Semi-square Shaped","11.0","","","","","Southwest","City Road",6.0,"",,,"2nd quarter 2014",""
127,"Residential Land(Land and Building)","Residential Area","25202","Shiga Prefecture","Hikone City","Nodayamacho","Hikone","30-60minutes",53000000,"","1100",,"Semi-trapezoidal Shaped","","410","","S","Housing Complex","Southeast","City Road",6.0,"Category 1 Residential District",60,200,"2nd quarter 2014","Dealings in which auction or arbiter participates"
128,"Residential Land(Land and Building)","Residential Area","25202","Shiga Prefecture","Hikone City","Nodayamacho","Hikone","30-60minutes",6000000,"","170",,"Rectangular Shaped","12.9","95","1984","LS","House","Southeast","City Road",4.0,"",,,"2nd quarter 2014",""
129,"Residential Land(Land Only)","Residential Area","25202","Shiga Prefecture","Hikone City","Noradacho","Inae","13",3000000,"","220",13000,"Semi-trapezoidal Shaped","12.0","","","","","Northeast","City Road",3.5,"Urbanization Control Area",70,200,"2nd quarter 2014",""
130,"Agricultural Land","","25202","Shiga Prefecture","Hikone City","Hikotomicho","","",2000000,"","1200",,"","","","","","","","",,"",,,"2nd quarter 2014",""
131,"Agricultural Land","","25202","Shiga Prefecture","Hikone City","Hikotomicho","","",500000,"","1700",,"","","","","","","","",,"",,,"2nd quarter 2014",""
132,"Residential Land(Land and Building)","Residential Area","25202","Shiga Prefecture","Hikone City","Hinatsucho","Kawase","20",6500000,"","150",,"Rectangular Shaped","10.7","","1987","","","Southwest","City Road",6.0,"Category 1 Exclusive Mid-high Rise Residential District",60,200,"2nd quarter 2014",""
133,"Residential Land(Land and Building)","Residential Area","25202","Shiga Prefecture","Hikone City","Hinatsucho","Kawase","29",9500000,"","440",,"Semi-square Shaped","21.0","","","","","Northeast","City Road",4.0,"Urbanization Control Area",70,200,"2nd quarter 2014",""
134,"Residential Land(Land and Building)","Residential Area","25202","Shiga Prefecture","Hikone City","Hinatsucho","Kawase","15",9200000,"","155",,"Trapezoidal Shaped","9.2","100","1987","W","House","Southeast","City Road",6.0,"Semi-industrial District",60,200,"2nd quarter 2014",""
135,"Residential Land(Land Only)","Residential Area","25202","Shiga Prefecture","Hikone City","Horicho","Minamihikone","20",2400000,"","270",9000,"Semi-rectangular Shaped","20.0","","","","","Southwest","City Road",6.5,"Urbanization Control Area",70,200,"2nd quarter 2014",""
136,"Residential Land(Land and Building)","Residential Area","25202","Shiga Prefecture","Hikone City","Mitsuyacho","Kawase","30-60minutes",3000000,"","210",,"Rectangular Shaped","","60","","W","House","Northwest","City Road",2.0,"Urbanization Control Area",70,200,"2nd quarter 2014",""
137,"Residential Land(Land Only)","Residential Area","25202","Shiga Prefecture","Hikone City","Minamikawasecho","Kawase","3",11000000,"","220",51000,"Semi-rectangular Shaped","9.0","","","","","Northwest","City Road",12.0,"Near Commercial District",80,200,"2nd quarter 2014",""
138,"Residential Land(Land and Building)","Residential Area","25203","Shiga Prefecture","Nagahama City","Kamiterucho","Nagahama","29",15000000,"","200",,"Semi-rectangular Shaped","7.0","120","1985","W","House","North","Road",,"Semi-industrial District",60,200,"2nd quarter 2014",""
139,"Residential Land(Land Only)","Commercial Area","25203","Shiga Prefecture","Nagahama City","Kamiterucho","Nagahama","30-60minutes",73000000,"","1700",42000,"Semi-trapezoidal Shaped","38.0","","","","","Southwest","National Highway",11.5,"Semi-industrial District",60,200,"2nd quarter 2014",""
140,"Residential Land(Land Only)","Residential Area","25203","Shiga Prefecture","Nagahama City","Kamiterucho","Nagahama","30-60minutes",2300000,"","200",11000,"Semi-square Shaped","14.0","","","","","North","Private Road",5.0,"Category 1 Residential District",60,200,"2nd quarter 2014",""
141,"Agricultural Land","","25203","Shiga Prefecture","Nagahama City","Kinomotochokuroda","","",1000000,"","770",,"","","","","","","","",,"",,,"2nd quarter 2014",""
142,"Residential Land(Land and Building)","Residential Area","25203","Shiga Prefecture","Nagahama City","Koencho","Nagahama","6",24000000,"","280",,"Irregular Shaped","4.5","105","2014","W","House","South","Ward Road",4.0,"Category 1 Residential District",60,200,"2nd quarter 2014",""
143,"Residential Land(Land and Building)","Residential Area","25203","Shiga Prefecture","Nagahama City","Shinjoteracho","Nagahama","30-60minutes",10000000,"","190",,"Semi-rectangular Shaped","11.0","135","1988","W","House","North","City Road",5.0,"Category 1 Residential District",60,200,"2nd quarter 2014",""
144,"Residential Land(Land Only)","Residential Area","25203","Shiga Prefecture","Nagahama City","Shinzencho","Nagahama","18",3500000,"","140",25000,"Semi-rectangular Shaped","7.0","","","","","East","Ward Road",8.0,"Category 1 Exclusive Mid-high Rise Residential District",60,200,"2nd quarter 2014",""
145,"Residential Land(Land Only)","Residential Area","25203","Shiga Prefecture","Nagahama City","Takadacho","Nagahama","10",16000000,"","185",86000,"Semi-rectangular Shaped","14.5","","","","","Northwest","City Road",3.0,"Commercial District",80,500,"2nd quarter 2014",""
146,"Residential Land(Land and Building)","Residential Area","25203","Shiga Prefecture","Nagahama City","Takatsukichoune","Takatsuki","18",30000000,"","200",,"Rectangular Shaped","12.5","","","W","House","Northeast","Private Road",6.0,"Urban Planning Area outside Urbanization Area and Urbanization Control Area",70,200,"2nd quarter 2014",""
147,"Residential Land(Land Only)","Residential Area","25203","Shiga Prefecture","Nagahama City","Takatsukichoune","Takatsuki","19",10000000,"","230",44000,"Semi-shaped","14.8","","","","","Northeast","Private Road",6.0,"Urban Planning Area outside Urbanization Area and Urbanization Control Area",70,200,"2nd quarter 2014",""
148,"Residential Land(Land and Building)","Residential Area","25203","Shiga Prefecture","Nagahama City","Nishiazaichoyo","Omishiotsu","6",19000000,"","310",,"Semi-rectangular Shaped","18.3","","","W","House","North","City Road",6.0,"Outside Urban Planning Area",,,"2nd quarter 2014",""
149,"Pre-owned Condominiums, etc.","","25203","Shiga Prefecture","Nagahama City","Hirakatacho","Nagahama","12",20000000,"3LDK","70",,"","","","2007","RC","House","","",,"",,,"2nd quarter 2014","Dealings of redecorated real estate"
150,"Residential Land(Land Only)","Residential Area","25203","Shiga Prefecture","Nagahama City","Minamigofukucho","Nagahama","6",21000000,"","360",58000,"Irregular Shaped","9.0","","","","","Southeast","City Road",4.5,"Category 1 Residential District",60,200,"2nd quarter 2014",""
151,"Residential Land(Land and Building)","Residential Area","25203","Shiga Prefecture","Nagahama City","Motohamacho","Nagahama","11",13000000,"","350",,"Semi-rectangular Shaped","9.0","190","","W","House","Southwest","Ward Road",6.0,"Commercial District",80,400,"2nd quarter 2014",""
152,"Agricultural Land","","25204","Shiga Prefecture","Omihachiman City","Azuchichoishidera","","",150000,"","185",,"","","","","","","","",,"",,,"2nd quarter 2014",""
153,"Residential Land(Land and Building)","Residential Area","25204","Shiga Prefecture","Omihachiman City","Azuchichokamitoyora","Azuchi","6",11000000,"","380",,"Trapezoidal Shaped","21.5","185","1979","W","House","Northeast","City Road",3.0,"Category 1 Residential District",60,200,"2nd quarter 2014",""
154,"Agricultural Land","","25204","Shiga Prefecture","Omihachiman City","Azuchichokuwanomiji","","",500000,"","500",,"","","","","","","","",,"",,,"2nd quarter 2014",""
155,"Residential Land(Land Only)","Residential Area","25204","Shiga Prefecture","Omihachiman City","Azuchichoshimotoira","Azuchi","14",6000000,"","210",28000,"Semi-rectangular Shaped","10.0","","","","","South","City Road",2.0,"Category 2 Exclusive Mid-high Rise Residential District",60,200,"2nd quarter 2014",""
156,"Residential Land(Land and Building)","Residential Area","25204","Shiga Prefecture","Omihachiman City","Azuchichoshimotoira","Azuchi","9",10000000,"","180",,"Semi-square Shaped","","85","1977","W","House","Southeast","City Road",7.0,"Category 1 Exclusive Low Rise Residential District",50,80,"2nd quarter 2014",""
157,"Residential Land(Land Only)","Residential Area","25204","Shiga Prefecture","Omihachiman City","Azuchichoshimotoira","Azuchi","30-60minutes",8600000,"","360",24000,"Semi-rectangular Shaped","10.0","","","","","Northeast","City Road",6.0,"Urbanization Control Area",70,200,"2nd quarter 2014",""
158,"Agricultural Land","","25204","Shiga Prefecture","Omihachiman City","Azuchichoshimotoira","","",1800000,"","1800",,"","","","","","","","",,"",,,"2nd quarter 2014",""
159,"Agricultural Land","","25204","Shiga Prefecture","Omihachiman City","Azuchichodainaka","","",7200000,"","5000 m^2 or greater.",,"","","","","","","","",,"",,,"2nd quarter 2014",""
160,"Residential Land(Land Only)","Residential Area","25204","Shiga Prefecture","Omihachiman City","Azuchichonishioiso","Azuchi","30-60minutes",7500000,"","170",45000,"Rectangular Shaped","14.8","","","","","West","Road",6.0,"Category 1 Residential District",60,200,"2nd quarter 2014",""
161,"Residential Land(Land Only)","Potential Residential Area","25204","Shiga Prefecture","Omihachiman City","Azuchichonishioiso","Azuchi","30-60minutes",10000000,"","790",13000,"Semi-rectangular Shaped","18.5","","","","","Southwest","Road",2.0,"Category 1 Residential District",60,200,"2nd quarter 2014",""
162,"Residential Land(Land Only)","Potential Residential Area","25204","Shiga Prefecture","Omihachiman City","Azuchichonishioiso","Azuchi","30-60minutes",9100000,"","790",11000,"Semi-rectangular Shaped","17.0","","","","","Southwest","Road",2.0,"Category 1 Residential District",60,200,"2nd quarter 2014",""
163,"Residential Land(Land and Building)","Residential Area","25204","Shiga Prefecture","Omihachiman City","Azuchichonishioiso","Azuchi","30-60minutes",14000000,"","230",,"Rectangular Shaped","13.1","110","2001","LS","House","Northwest","City Road",6.0,"Category 1 Residential District",60,200,"2nd quarter 2014","Dealings in which auction or arbiter participates"
164,"Agricultural Land","","25204","Shiga Prefecture","Omihachiman City","Uedacho","","",1200000,"","1100",,"","","","","","","","",,"",,,"2nd quarter 2014",""
165,"Residential Land(Land and Building)","Residential Area","25204","Shiga Prefecture","Omihachiman City","Obusacho","Omihachiman","30-60minutes",14000000,"","740",,"Semi-trapezoidal Shaped","40.0","60","1982","LS","House","Southwest","City Road",4.0,"Urbanization Control Area",70,200,"2nd quarter 2014",""
166,"Residential Land(Land Only)","Residential Area","25204","Shiga Prefecture","Omihachiman City","Shimmachi","Omihachiman","30-60minutes",15000000,"","330",45000,"Semi-trapezoidal Shaped","12.0","","","","","North","City Road",4.2,"Category 1 Residential District",60,200,"2nd quarter 2014",""
167,"Residential Land(Land and Building)","Residential Area","25204","Shiga Prefecture","Omihachiman City","Suikeicho","Shinohara (Shiga)","1H-1H30",5500000,"","500",,"Rectangular Shaped","18.0","160","1973","S","Warehouse","Southeast","Road",3.0,"Urbanization Control Area",70,200,"2nd quarter 2014",""
168,"Residential Land(Land and Building)","Residential Area","25204","Shiga Prefecture","Omihachiman City","Chokojicho","Hirata (Shiga)","10",1500000,"","195",,"Rectangular Shaped","13.0","70","1984","RC","House","Northeast","City Road",5.0,"Urbanization Control Area",70,200,"2nd quarter 2014",""
169,"Residential Land(Land Only)","Residential Area","25204","Shiga Prefecture","Omihachiman City","Demachi","Omihachiman","23",5600000,"","220",25000,"Semi-rectangular Shaped","10.0","","","","","West","City Road",3.0,"Category 1 Residential District",60,200,"2nd quarter 2014",""
170,"Residential Land(Land and Building)","Residential Area","25204","Shiga Prefecture","Omihachiman City","Nishiyoraicho","Hirata (Shiga)","13",1600000,"","230",,"Semi-rectangular Shaped","17.0","50","1986","RC","House","Northeast","City Road",6.0,"Urbanization Control Area",70,200,"2nd quarter 2014",""
171,"Residential Land(Land and Building)","Residential Area","25204","Shiga Prefecture","Omihachiman City","Marunouchicho","Shinohara (Shiga)","30-60minutes",7200000,"","130",,"Semi-rectangular Shaped","13.0","95","1982","W","House","Southwest","City Road",5.0,"Category 1 Exclusive Low Rise Residential District",50,80,"2nd quarter 2014",""
172,"Residential Land(Land Only)","Residential Area","25206","Shiga Prefecture","Kusatsu City","Atsumaricho","Ritto","30-60minutes",13000000,"","430",30000,"Semi-trapezoidal Shaped","18.8","","","","","Northwest","City Road",2.9,"Urbanization Control Area",70,200,"2nd quarter 2014",""
173,"Residential Land(Land and Building)","Residential Area","25206","Shiga Prefecture","Kusatsu City","Oiwakecho","Minamikusatsu","24",41000000,"","150",,"Rectangular Shaped","11.4","","","","House","Southeast","City Road",6.0,"Category 1 Exclusive Mid-high Rise Residential District",60,200,"2nd quarter 2014",""
174,"Residential Land(Land Only)","Residential Area","25206","Shiga Prefecture","Kusatsu City","Oiwakecho","Minamikusatsu","18",15000000,"","160",91000,"Semi-shaped","5.6","","","","","Southeast","City Road",6.0,"Category 1 Exclusive Mid-high Rise Residential District",60,200,"2nd quarter 2014",""
175,"Residential Land(Land and Building)","Residential Area","25206","Shiga Prefecture","Kusatsu City","Oji","Kusatsu (Shiga)","13",24000000,"","150",,"Semi-rectangular Shaped","9.9","105","2004","W","House","Northwest","City Road",6.0,"Semi-industrial District",60,200,"2nd quarter 2014",""
176,"Pre-owned Condominiums, etc.","","25206","Shiga Prefecture","Kusatsu City","Oji","Kusatsu (Shiga)","13",23000000,"4LDK","75",,"","","","2000","RC","House","","",,"Category 1 Residential District",60,200,"2nd quarter 2014","Dealings of non-redecorating real estate"
177,"Pre-owned Condominiums, etc.","","25206","Shiga Prefecture","Kusatsu City","Oji","Kusatsu (Shiga)","4",21000000,"3LDK","70",,"","","","2000","SRC","House","","",,"Commercial District",80,400,"2nd quarter 2014","Dealings of non-redecorating real estate"
178,"Pre-owned Condominiums, etc.","","25206","Shiga Prefecture","Kusatsu City","Oji","Kusatsu (Shiga)","5",23000000,"2LDK","55",,"","","","2012","RC","House","","",,"Commercial District",80,400,"2nd quarter 2014","Dealings of non-redecorating real estate"
179,"Pre-owned Condominiums, etc.","","25206","Shiga Prefecture","Kusatsu City","Oji","Kusatsu (Shiga)","5",30000000,"4LDK","80",,"","","","2012","RC","House","","",,"Commercial District",80,400,"2nd quarter 2014","Dealings of non-redecorating real estate"
180,"Residential Land(Land and Building)","Residential Area","25206","Shiga Prefecture","Kusatsu City","Kasayama","Seta (Shiga)","28",130000000,"","930",,"Semi-rectangular Shaped","50.0m or longer.","480","1993","LS","Housing Complex","Northwest","City Road",6.0,"Semi-industrial District",60,200,"2nd quarter 2014",""
181,"Pre-owned Condominiums, etc.","","25206","Shiga Prefecture","Kusatsu City","Kasayama","Seta (Shiga)","30-60minutes",7800000,"3LDK","65",,"","","","","SRC","House","","",,"Category 1 Exclusive Mid-high Rise Residential District",,,"2nd quarter 2014","Dealings of redecorated real estate"
182,"Pre-owned Condominiums, etc.","","25206","Shiga Prefecture","Kusatsu City","Kasayama","Minamikusatsu","30-60minutes",8400000,"4LDK","85",,"","","","1996","SRC","House","","",,"Category 1 Exclusive Mid-high Rise Residential District",60,200,"2nd quarter 2014","Dealings in which auction or arbiter participates, Dealings of non-redecorating real estate"
183,"Residential Land(Land and Building)","Residential Area","25206","Shiga Prefecture","Kusatsu City","Kamigasa","Kusatsu (Shiga)","20",14000000,"","80",,"Semi-rectangular Shaped","8.0","125","1994","W","House","Southwest","City Road",6.5,"Category 1 Exclusive Mid-high Rise Residential District",60,200,"2nd quarter 2014",""
184,"Residential Land(Land Only)","Residential Area","25206","Shiga Prefecture","Kusatsu City","Kamigasa","Kusatsu (Shiga)","26",6000000,"","80",77000,"Semi-rectangular Shaped","6.2","","","","","Northeast","City Road",4.5,"Category 1 Exclusive Mid-high Rise Residential District",60,200,"2nd quarter 2014",""
185,"Residential Land(Land Only)","Potential Residential Area","25206","Shiga Prefecture","Kusatsu City","Kawaracho","Kusatsu (Shiga)","29",17000000,"","1200",14000,"Irregular Shaped","12.5","","","","","North","City Road",7.0,"Urbanization Control Area",70,200,"2nd quarter 2014",""
186,"Residential Land(Land Only)","Potential Residential Area","25206","Shiga Prefecture","Kusatsu City","Kinokawacho","Kusatsu (Shiga)","30-60minutes",200000000,"","2,000 m^2 or greater.",57000,"Semi-rectangular Shaped","35.0","","","","","Southeast","City Road",4.0,"Category 2 Exclusive Mid-high Rise Residential District",60,200,"2nd quarter 2014",""
187,"Residential Land(Land Only)","Residential Area","25206","Shiga Prefecture","Kusatsu City","Kinokawacho","Kusatsu (Shiga)","28",9700000,"","180",53000,"Semi-rectangular Shaped","12.5","","","","","Northeast","Private Road",5.0,"Category 1 Residential District",60,200,"2nd quarter 2014","Dealings including private road"
188,"Residential Land(Land Only)","Residential Area","25206","Shiga Prefecture","Kusatsu City","Kusatsucho","Kusatsu (Shiga)","16",140000000,"","1500",94000,"Rectangular Shaped","","","","","","Northwest","City Road",6.0,"Category 1 Residential District",60,200,"2nd quarter 2014",""
189,"Residential Land(Land and Building)","Residential Area","25206","Shiga Prefecture","Kusatsu City","Komaizawacho","Ritto","29",30000000,"","165",,"Semi-rectangular Shaped","10.8","105","2014","W","House","Southwest","City Road",6.0,"",60,100,"2nd quarter 2014",""
190,"Residential Land(Land and Building)","Residential Area","25206","Shiga Prefecture","Kusatsu City","Sakuragaoka","Minamikusatsu","30-60minutes",45000000,"","420",,"Semi-shaped","29.0","260","1992","W","House","Southwest","City Road",5.5,"Category 1 Exclusive Mid-high Rise Residential District",60,200,"2nd quarter 2014",""
191,"Residential Land(Land Only)","Residential Area","25206","Shiga Prefecture","Kusatsu City","Shinanakacho","Ritto","30-60minutes",220000,"","30",6800,"Semi-rectangular Shaped","0.6","","","","","Southwest","City Road",3.9,"Urbanization Control Area",70,200,"2nd quarter 2014",""
192,"Residential Land(Land Only)","Residential Area","25206","Shiga Prefecture","Kusatsu City","Shinanakacho","Ritto","30-60minutes",220000,"","30",6800,"Semi-rectangular Shaped","0.6","","","","","Southwest","City Road",3.9,"Urbanization Control Area",70,200,"2nd quarter 2014",""
193,"Residential Land(Land and Building)","Residential Area","25206","Shiga Prefecture","Kusatsu City","Shibukawa","Kusatsu (Shiga)","6",28000000,"","185",,"Semi-rectangular Shaped","13.0","200","1999","S","Housing Complex","Southeast","City Road",4.0,"Near Commercial District",80,200,"2nd quarter 2014",""
194,"Pre-owned Condominiums, etc.","","25206","Shiga Prefecture","Kusatsu City","Shibukawa","Kusatsu (Shiga)","4",21000000,"3LDK","75",,"","","","1997","SRC","House","","",,"Commercial District",80,400,"2nd quarter 2014","Dealings of non-redecorating real estate"
195,"Pre-owned Condominiums, etc.","","25206","Shiga Prefecture","Kusatsu City","Shibukawa","Kusatsu (Shiga)","4",23000000,"4LDK","75",,"","","","1997","SRC","House","","",,"Commercial District",80,400,"2nd quarter 2014","Dealings of non-redecorating real estate"
196,"Residential Land(Land Only)","Residential Area","25206","Shiga Prefecture","Kusatsu City","Shinhamacho","Seta (Shiga)","25",13000000,"","340",40000,"Semi-trapezoidal Shaped","18.2","","","","","South","City Road",3.0,"Urbanization Control Area",70,200,"2nd quarter 2014",""
197,"Residential Land(Land and Building)","Residential Area","25206","Shiga Prefecture","Kusatsu City","Shinhamacho","Seta (Shiga)","23",33000000,"","1100",,"Semi-trapezoidal Shaped","35.0","200","1973","W","House","Northwest","Prefectural Road",9.4,"Urbanization Control Area",70,200,"2nd quarter 2014",""
198,"Residential Land(Land and Building)","Residential Area","25206","Shiga Prefecture","Kusatsu City","Nishishibukawa","Kusatsu (Shiga)","13",45000000,"","150",,"Semi-square Shaped","12.2","","","","","Northwest","City Road",6.0,"Category 1 Exclusive Mid-high Rise Residential District",60,200,"2nd quarter 2014",""
199,"Residential Land(Land and Building)","Residential Area","25206","Shiga Prefecture","Kusatsu City","Nishishibukawa","Kusatsu (Shiga)","11",49000000,"","150",,"Rectangular Shaped","10.1","","2014","LS","House","Northeast","City Road",6.0,"Category 1 Exclusive Mid-high Rise Residential District",50,200,"2nd quarter 2014",""
200,"Residential Land(Land and Building)","Residential Area","25206","Shiga Prefecture","Kusatsu City","Nishiyagura","Minamikusatsu","9",26000000,"","170",,"Irregular Shaped","3.0","105","2014","W","House","North","City Road",4.0,"Category 1 Exclusive Mid-high Rise Residential District",60,200,"2nd quarter 2014",""
201,"Residential Land(Land and Building)","Residential Area","25206","Shiga Prefecture","Kusatsu City","Noji","Minamikusatsu","16",17000000,"","115",,"Semi-rectangular Shaped","7.1","110","1996","LS","House","Northeast","Private Road",5.0,"Semi-industrial District",60,200,"2nd quarter 2014",""
202,"Residential Land(Land and Building)","Residential Area","25206","Shiga Prefecture","Kusatsu City","Noji","Minamikusatsu","14",570000000,"","1800",,"Semi-trapezoidal Shaped","33.0","2,000 m^2 or greater.","1998","RC","Housing Complex","Southeast","City Road",7.8,"Semi-industrial District",60,200,"2nd quarter 2014",""
203,"Residential Land(Land and Building)","Residential Area","25206","Shiga Prefecture","Kusatsu City","Noji","Minamikusatsu","6",52000000,"","310",,"Semi-trapezoidal Shaped","10.0","175","1976","","Shop","Northeast","City Road",9.0,"Semi-industrial District",60,200,"2nd quarter 2014",""
204,"Residential Land(Land and Building)","Residential Area","25206","Shiga Prefecture","Kusatsu City","Noji","Minamikusatsu","9",930000000,"","1600",,"Semi-trapezoidal Shaped","18.0","2,000 m^2 or greater.","2009","RC","Housing Complex","East","City Road",6.2,"Semi-industrial District",60,200,"2nd quarter 2014",""
205,"Pre-owned Condominiums, etc.","","25206","Shiga Prefecture","Kusatsu City","Noji","Minamikusatsu","2",19000000,"2LDK","70",,"","","","1997","SRC","House","","",,"Commercial District",80,500,"2nd quarter 2014","Dealings of redecorated real estate"
206,"Pre-owned Condominiums, etc.","","25206","Shiga Prefecture","Kusatsu City","Noji","Minamikusatsu","2",20000000,"Open Floor","75",,"","","","1997","SRC","Shop","","",,"Commercial District",80,500,"2nd quarter 2014","Dealings of non-redecorating real estate"
207,"Residential Land(Land and Building)","Residential Area","25206","Shiga Prefecture","Kusatsu City","Nomura","Kusatsu (Shiga)","11",20000000,"","135",,"Semi-rectangular Shaped","10.0","115","1990","S","Housing Complex","Northeast","Private Road",4.0,"Category 1 Residential District",80,200,"2nd quarter 2014",""
208,"Residential Land(Land and Building)","Residential Area","25206","Shiga Prefecture","Kusatsu City","Nomura","Kusatsu (Shiga)","12",29000000,"","130",,"Semi-rectangular Shaped","14.0","140","1998","W","House","Southwest","City Road",6.0,"Category 2 Exclusive Mid-high Rise Residential District",60,200,"2nd quarter 2014",""
209,"Residential Land(Land Only)","Residential Area","25206","Shiga Prefecture","Kusatsu City","Higashikusatsu","Kusatsu (Shiga)","20",13000000,"","200",64000,"Semi-rectangular Shaped","12.0","","","","","Northwest","City Road",3.0,"Category 1 Exclusive Mid-high Rise Residential District",60,200,"2nd quarter 2014",""
210,"Residential Land(Land and Building)","Residential Area","25206","Shiga Prefecture","Kusatsu City","Higashiyagura","Minamikusatsu","11",25000000,"","220",,"Semi-rectangular Shaped","15.0","120","1972","LS","House","South","City Road",6.0,"Category 1 Exclusive Mid-high Rise Residential District",60,200,"2nd quarter 2014",""
211,"Residential Land(Land Only)","Residential Area","25206","Shiga Prefecture","Kusatsu City","Hirai","Kusatsu (Shiga)","21",14000000,"","110",120000,"Semi-rectangular Shaped","14.5","","","","","Southwest","City Road",6.0,"Category 1 Exclusive Mid-high Rise Residential District",60,200,"2nd quarter 2014",""
212,"Residential Land(Land Only)","Residential Area","25206","Shiga Prefecture","Kusatsu City","Mikuracho","Minamikusatsu","30-60minutes",30000000,"","800",37000,"Semi-shaped","11.3","","","","","North","City Road",5.0,"Urbanization Control Area",70,200,"2nd quarter 2014",""
213,"Residential Land(Land and Building)","Residential Area","25206","Shiga Prefecture","Kusatsu City","Minamigasahigashi","Minamikusatsu","20",9600000,"","45",,"Semi-trapezoidal Shaped","10.5","60","1973","W","House","North","City Road",5.0,"Semi-industrial District",60,200,"2nd quarter 2014",""
214,"Residential Land(Land Only)","Residential Area","25206","Shiga Prefecture","Kusatsu City","Minamigasahigashi","Minamikusatsu","20",20000000,"","195",100000,"Semi-rectangular Shaped","11.5","","","","","South","City Road",7.0,"Category 1 Exclusive Mid-high Rise Residential District",60,200,"2nd quarter 2014",""
215,"Residential Land(Land Only)","Residential Area","25206","Shiga Prefecture","Kusatsu City","Minamigasahigashi","Minamikusatsu","18",20000000,"","220",91000,"Semi-rectangular Shaped","11.0","","","","","West","City Road",13.0,"Category 1 Exclusive Mid-high Rise Residential District",60,200,"2nd quarter 2014",""
216,"Agricultural Land","","25206","Shiga Prefecture","Kusatsu City","Minamiyamadacho","","",17000000,"","3000",,"","","","","","","","",,"",,,"2nd quarter 2014",""
217,"Residential Land(Land and Building)","Residential Area","25206","Shiga Prefecture","Kusatsu City","Yagura","Minamikusatsu","8",16000000,"","260",,"Semi-trapezoidal Shaped","11.0","120","1966","W","House","Northwest","Private Road",2.6,"Semi-industrial District",60,200,"2nd quarter 2014",""
218,"Residential Land(Land Only)","Residential Area","25206","Shiga Prefecture","Kusatsu City","Yagura","Minamikusatsu","18",300000,"","460",660,"Irregular Shaped","6.0","","","","","South","City Road",6.0,"Category 1 Residential District",60,200,"2nd quarter 2014",""
219,"Residential Land(Land Only)","Residential Area","25206","Shiga Prefecture","Kusatsu City","Yabasecho","Minamikusatsu","20",21000000,"","165",130000,"Semi-rectangular Shaped","11.0","","","","","Southeast","City Road",6.0,"Urbanization Control Area",70,200,"2nd quarter 2014",""
220,"Residential Land(Land and Building)","Residential Area","25206","Shiga Prefecture","Kusatsu City","Yabasecho","Minamikusatsu","19",29000000,"","90",,"Semi-rectangular Shaped","8.0","100","2014","W","House","Northwest","City Road",6.2,"Category 1 Exclusive Mid-high Rise Residential District",60,200,"2nd quarter 2014",""
221,"Residential Land(Land and Building)","Residential Area","25206","Shiga Prefecture","Kusatsu City","Yamaderacho","Kusatsu (Shiga)","30-60minutes",20000000,"","155",,"Semi-shaped","12.0","120","2003","W","House","Southeast","City Road",6.0,"Category 1 Exclusive Mid-high Rise Residential District",60,200,"2nd quarter 2014",""
222,"Residential Land(Land and Building)","Residential Area","25206","Shiga Prefecture","Kusatsu City","Yamaderacho","Kusatsu (Shiga)","30-60minutes",33000000,"","185",,"Semi-rectangular Shaped","13.4","110","2014","W","House","Southeast","Road",6.0,"Urbanization Control Area",60,100,"2nd quarter 2014",""
223,"Residential Land(Land and Building)","Residential Area","25206","Shiga Prefecture","Kusatsu City","Yamaderacho","Kusatsu (Shiga)","30-60minutes",36000000,"","165",,"Semi-rectangular Shaped","10.8","100","2014","W","House","Northeast","Road",6.0,"Urbanization Control Area",60,100,"2nd quarter 2014",""
224,"Residential Land(Land Only)","Residential Area","25206","Shiga Prefecture","Kusatsu City","Yamaderacho","Minamikusatsu","1H-1H30",400000,"","330",1200,"Semi-rectangular Shaped","16.3","","","","","Southwest","Private Road",4.0,"Urbanization Control Area",70,200,"2nd quarter 2014",""
225,"Residential Land(Land Only)","Industrial Area","25206","Shiga Prefecture","Kusatsu City","Yamaderacho","Minamikusatsu","1H-1H30",9800000,"","170",58000,"Semi-trapezoidal Shaped","11.0","","","","","Southeast","City Road",6.0,"Industrial District",60,200,"2nd quarter 2014",""
226,"Residential Land(Land Only)","Residential Area","25207","Shiga Prefecture","Moriyama City","Okacho","Moriyama (Shiga)","7",15000000,"","160",97000,"Semi-trapezoidal Shaped","6.0","","","","","Southeast","City Road",12.8,"Category 2 Residential District",60,200,"2nd quarter 2014",""
227,"Residential Land(Land Only)","Residential Area","25207","Shiga Prefecture","Moriyama City","Tateiricho","Moriyama (Shiga)","16",12000000,"","180",68000,"Semi-trapezoidal Shaped","16.7","","","","","Southwest","City Road",6.0,"Industrial District",60,200,"2nd quarter 2014",""
228,"Residential Land(Land Only)","Residential Area","25207","Shiga Prefecture","Moriyama City","Harimadacho","Moriyama (Shiga)","30-60minutes",26000000,"","500",51000,"Semi-rectangular Shaped","25.6","","","","","Southwest","City Road",3.0,"Category 2 Exclusive Mid-high Rise Residential District",60,200,"2nd quarter 2014",""
229,"Agricultural Land","","25207","Shiga Prefecture","Moriyama City","Harimadacho","","",9000000,"","2100",,"","","","","","","","",,"",,,"2nd quarter 2014",""
230,"Agricultural Land","","25207","Shiga Prefecture","Moriyama City","Harimadacho","","",4000000,"","1200",,"","","","","","","","",,"",,,"2nd quarter 2014",""
231,"Agricultural Land","","25207","Shiga Prefecture","Moriyama City","Harimadacho","","",6000000,"","1100",,"","","","","","","","",,"",,,"2nd quarter 2014",""
232,"Residential Land(Land Only)","Residential Area","25207","Shiga Prefecture","Moriyama City","Fukecho","Moriyama (Shiga)","9",21000000,"","165",130000,"Semi-rectangular Shaped","8.8","","","","","Southeast","Road",6.0,"Category 1 Residential District",60,200,"2nd quarter 2014",""
233,"Residential Land(Land and Building)","Residential Area","25207","Shiga Prefecture","Moriyama City","Mizuhocho","Moriyama (Shiga)","1H30-2H",14000000,"","150",,"Irregular Shaped","7.1","75","2004","W","House","Southwest","City Road",6.0,"Near Commercial District",80,200,"2nd quarter 2014","Dealings in which auction or arbiter participates"
234,"Residential Land(Land Only)","Residential Area","25208","Shiga Prefecture","Ritto City","Ogaki","Kusatsu (Shiga)","20",14000000,"","150",93000,"Square Shaped","11.4","","","","","Northeast","City Road",4.0,"Category 1 Residential District",60,200,"2nd quarter 2014",""
235,"Residential Land(Land Only)","Potential Residential Area","25208","Shiga Prefecture","Ritto City","Ono","Tehara","14",32000000,"","1000",32000,"Rectangular Shaped","23.5","","","","","Southwest","Prefectural Road",12.0,"Urbanization Control Area",70,200,"2nd quarter 2014",""
236,"Residential Land(Land Only)","Residential Area","25208","Shiga Prefecture","Ritto City","Ono","Tehara","30-60minutes",8000000,"","200",40000,"Rectangular Shaped","10.0","","","","","Southeast","City Road",5.2,"Urbanization Control Area",70,200,"2nd quarter 2014",""
237,"Residential Land(Land Only)","Residential Area","25208","Shiga Prefecture","Ritto City","Deba","Moriyama (Shiga)","26",13000000,"","240",56000,"Irregular Shaped","4.0","","","","","Northwest","City Road",6.0,"Category 1 Exclusive Mid-high Rise Residential District",60,200,"2nd quarter 2014",""
238,"Residential Land(Land and Building)","Residential Area","25208","Shiga Prefecture","Ritto City","Misono","Tehara","30-60minutes",17000000,"","840",,"Semi-rectangular Shaped","31.2","270","1967","","House","West","City Road",6.6,"Urbanization Control Area",70,200,"2nd quarter 2014",""
239,"Residential Land(Land Only)","Residential Area","25208","Shiga Prefecture","Ritto City","Misono","Tehara","30-60minutes",17000000,"","210",79000,"Rectangular Shaped","12.2","","","","","Southeast","City Road",7.0,"Category 1 Exclusive Mid-high Rise Residential District",60,200,"2nd quarter 2014",""
240,"Residential Land(Land and Building)","Residential Area","25209","Shiga Prefecture","Koka City","Tsuchiyamachokurokawa","Aburahi","2H-",7500000,"","430",,"Irregular Shaped","14.0","65","1990","W","House","Southeast","City Road",4.0,"Outside Urban Planning Area",,,"2nd quarter 2014",""
241,"Residential Land(Land and Building)","Residential Area","25209","Shiga Prefecture","Koka City","Minakuchichoizumi","Mikumo","30-60minutes",500000,"","90",,"Semi-rectangular Shaped","","125","1979","W","House","Southeast","City Road",4.4,"Urbanization Control Area",70,200,"2nd quarter 2014",""
242,"Residential Land(Land and Building)","Residential Area","25209","Shiga Prefecture","Koka City","Minakuchichoutta","Kibukawa","30-60minutes",5000000,"","170",,"Rectangular Shaped","11.2","130","1981","W","House","Northwest","City Road",4.7,"Urbanization Control Area",70,200,"2nd quarter 2014",""
243,"Residential Land(Land Only)","Residential Area","25209","Shiga Prefecture","Koka City","Minakuchichokasuga","Minakuchimatsuo","1H-1H30",3300000,"","155",21000,"Semi-rectangular Shaped","10.4","","","","","Southeast","City Road",5.3,"Urbanization Control Area",70,200,"2nd quarter 2014",""
244,"Residential Land(Land Only)","Industrial Area","25209","Shiga Prefecture","Koka City","Minakuchichoshimoyama","Mikumo","25",19000000,"","2,000 m^2 or greater.",4400,"Irregular Shaped","50.0m or longer.","","","","","No facing road","",,"Exclusive Industrial District",60,200,"2nd quarter 2014",""
245,"Residential Land(Land Only)","Residential Area","25209","Shiga Prefecture","Koka City","Minakuchichoyama","Minakuchimatsuo","1H-1H30",3100000,"","210",15000,"Rectangular Shaped","11.2","","","","","Northeast","City Road",11.2,"Urbanization Control Area",70,200,"2nd quarter 2014",""
246,"Residential Land(Land and Building)","Residential Area","25209","Shiga Prefecture","Koka City","Minakuchichoyama","Minakuchimatsuo","30-60minutes",15000000,"","200",,"Rectangular Shaped","13.4","170","2008","W","House","Southwest","City Road",5.3,"Urbanization Control Area",70,200,"2nd quarter 2014",""
247,"Residential Land(Land Only)","Residential Area","25209","Shiga Prefecture","Koka City","Minakuchichoyama","Minakuchimatsuo","30-60minutes",6000000,"","210",28000,"Semi-rectangular Shaped","11.0","","","","","East","City Road",7.5,"Urbanization Control Area",70,200,"2nd quarter 2014",""
248,"Residential Land(Land and Building)","Residential Area","25209","Shiga Prefecture","Koka City","Minakuchichoyama","Minakuchimatsuo","30-60minutes",15000000,"","195",,"Semi-rectangular Shaped","20.0","115","2008","W","House","Southwest","City Road",5.5,"Urbanization Control Area",70,200,"2nd quarter 2014",""
249,"Residential Land(Land and Building)","Residential Area","25210","Shiga Prefecture","Yasu City","Ichimiyake","Yasu","3",84000000,"","910",,"Semi-rectangular Shaped","42.5","400","2003","S","Housing Complex","Northeast","City Road",6.0,"Category 2 Residential District",60,200,"2nd quarter 2014",""
250,"Agricultural Land","","25210","Shiga Prefecture","Yasu City","Kita","","",450000,"","490",,"","","","","","","","",,"",,,"2nd quarter 2014",""
251,"Residential Land(Land and Building)","Residential Area","25210","Shiga Prefecture","Yasu City","Takagi","Shinohara (Shiga)","5",9800000,"","180",,"Semi-trapezoidal Shaped","17.3","130","1982","W","House","East","City Road",7.0,"Category 1 Exclusive Mid-high Rise Residential District",60,200,"2nd quarter 2014",""
252,"Agricultural Land","","25210","Shiga Prefecture","Yasu City","Hie","","",3900000,"","5000 m^2 or greater.",,"","","","","","","","",,"",,,"2nd quarter 2014",""
253,"Residential Land(Land Only)","Residential Area","25210","Shiga Prefecture","Yasu City","Yasu","Yasu","18",12000000,"","130",93000,"Semi-rectangular Shaped","10.0","","","","","Northwest","City Road",6.0,"Category 1 Residential District",60,200,"2nd quarter 2014",""
254,"Agricultural Land","","25210","Shiga Prefecture","Yasu City","Yabu","","",1900000,"","3000",,"","","","","","","","",,"",,,"2nd quarter 2014",""
255,"Agricultural Land","","25210","Shiga Prefecture","Yasu City","Yoshikawa","","",250000,"","350",,"","","","","","","","",,"",,,"2nd quarter 2014",""
256,"Agricultural Land","","25210","Shiga Prefecture","Yasu City","Yoshikawa","","",250000,"","340",,"","","","","","","","",,"",,,"2nd quarter 2014",""
257,"Residential Land(Land and Building)","Residential Area","25211","Shiga Prefecture","Konan City","Omidai","Yasu","1H30-2H",13000000,"","430",,"Semi-shaped","19.0","160","1977","W","House","Southeast","City Road",5.3,"Category 1 Exclusive Low Rise Residential District",60,100,"2nd quarter 2014",""
258,"Residential Land(Land Only)","Residential Area","25211","Shiga Prefecture","Konan City","Saidotaun","Yasu","1H30-2H",11000000,"","330",32000,"Rectangular Shaped","20.0","","","","","Southwest","City Road",4.9,"Category 1 Exclusive Low Rise Residential District",60,100,"2nd quarter 2014",""
259,"Residential Land(Land and Building)","Residential Area","25211","Shiga Prefecture","Konan City","Saidotaun","Yasu","1H30-2H",7800000,"","190",,"Irregular Shaped","5.0","105","1991","W","House","Southwest","City Road",4.6,"Category 1 Exclusive Low Rise Residential District",60,100,"2nd quarter 2014",""
260,"Residential Land(Land Only)","Residential Area","25211","Shiga Prefecture","Konan City","Saidotaun","Yasu","1H30-2H",16000000,"","1100",15000,"Irregular Shaped","10.0","","","","","Southeast","City Road",4.0,"Category 1 Exclusive Low Rise Residential District",60,100,"2nd quarter 2014",""
261,"Residential Land(Land Only)","Residential Area","25211","Shiga Prefecture","Konan City","Shimoda","Mikumo","1H-1H30",5800000,"","165",35000,"Rectangular Shaped","10.6","","","","","West","City Road",6.8,"Category 2 Exclusive Low Rise Residential District",60,150,"2nd quarter 2014",""
262,"Residential Land(Land Only)","Residential Area","25211","Shiga Prefecture","Konan City","Bodaiji","Ishibe","30-60minutes",9000000,"","920",9800,"Semi-shaped","33.0","","","","","South","City Road",6.4,"Urbanization Control Area",70,200,"2nd quarter 2014",""
263,"Residential Land(Land and Building)","Residential Area","25211","Shiga Prefecture","Konan City","Bodaiji","Ishibe","30-60minutes",7000000,"","310",,"Irregular Shaped","","260","","W","House","Northwest","Hokkaido Prefectural Road",,"Urbanization Control Area",70,200,"2nd quarter 2014",""
264,"Residential Land(Land Only)","Residential Area","25211","Shiga Prefecture","Konan City","Bodaijikita","Yasu","1H30-2H",12000000,"","310",39000,"Rectangular Shaped","15.0","","","","","Northeast","City Road",6.0,"Category 1 Exclusive Low Rise Residential District",60,100,"2nd quarter 2014",""
265,"Residential Land(Land and Building)","Residential Area","25211","Shiga Prefecture","Konan City","Mitocho","Mikumo","30-60minutes",18000000,"","150",,"Rectangular Shaped","10.4","120","2007","LS","House","Southwest","City Road",6.0,"Category 1 Exclusive Mid-high Rise Residential District",60,200,"2nd quarter 2014",""
266,"Forest Land","","25212","Shiga Prefecture","Takashima City","Imazuchoumehara","","",200000,"","2400",,"","","","","","","","",,"",,,"2nd quarter 2014",""
267,"Residential Land(Land Only)","Residential Area","25212","Shiga Prefecture","Takashima City","Kutsukifurukawa","Adogawa","2H-",1200000,"","980",1200,"Semi-trapezoidal Shaped","34.0","","","","","Northwest","National Highway",7.5,"Outside Urban Planning Area",,,"2nd quarter 2014",""
268,"Residential Land(Land Only)","Residential Area","25212","Shiga Prefecture","Takashima City","Shin-asahichoaiba","Shin-asahi","30-60minutes",4900000,"","1100",4300,"Semi-rectangular Shaped","35.0","","","","","North","Private Road",9.0,"Urban Planning Area outside Urbanization Area and Urbanization Control Area",70,200,"2nd quarter 2014",""
269,"Agricultural Land","","25212","Shiga Prefecture","Takashima City","Shin-asahichoasahi","","",900000,"","770",,"","","","","","","","",,"",,,"2nd quarter 2014",""
270,"Residential Land(Land Only)","Potential Residential Area","25212","Shiga Prefecture","Takashima City","Shin-asahichokitabata","Shin-asahi","13",11000000,"","730",15000,"Rectangular Shaped","18.7","","","","","South","City Road",6.0,"Category 1 Exclusive Low Rise Residential District",60,100,"2nd quarter 2014",""
271,"Agricultural Land","","25212","Shiga Prefecture","Takashima City","Shin-asahichoshinjo","","",1300000,"","660",,"","","","","","","","",,"",,,"2nd quarter 2014",""
272,"Residential Land(Land and Building)","Residential Area","25212","Shiga Prefecture","Takashima City","Shin-asahichoharie","Shin-asahi","30-60minutes",8500000,"","270",,"Rectangular Shaped","26.0","100","1993","W","House","Southwest","Private Road",4.0,"Urban Planning Area outside Urbanization Area and Urbanization Control Area",70,200,"2nd quarter 2014",""
273,"Residential Land(Land Only)","Residential Area","25212","Shiga Prefecture","Takashima City","Shin-asahichoharie","Shin-asahi","30-60minutes",5000000,"","330",15000,"Rectangular Shaped","20.0","","","","","Northwest","Private Road",4.0,"Urban Planning Area outside Urbanization Area and Urbanization Control Area",70,200,"2nd quarter 2014",""
274,"Residential Land(Land and Building)","Residential Area","25212","Shiga Prefecture","Takashima City","Shin-asahichofukamizo","Shin-asahi","30-60minutes",3800000,"","135",,"Rectangular Shaped","8.6","","","","House","Southwest","Private Road",5.0,"Urban Planning Area outside Urbanization Area and Urbanization Control Area",70,200,"2nd quarter 2014",""
275,"Agricultural Land","","25212","Shiga Prefecture","Takashima City","Shin-asahichowarasono","","",1200000,"","3000",,"","","","","","","","",,"",,,"2nd quarter 2014","Dealings in which auction or arbiter participates"
276,"Residential Land(Land Only)","Residential Area","25212","Shiga Prefecture","Takashima City","Makinochokamikaide","Makino","30-60minutes",500000,"","280",1800,"Semi-rectangular Shaped","18.0","","","","","Northwest","City Road",4.5,"Outside Urban Planning Area",,,"2nd quarter 2014","Dealings of adjacent land"
277,"Residential Land(Land Only)","Residential Area","25212","Shiga Prefecture","Takashima City","Makinochonishihama","Makino","11",900000,"","130",6800,"Rectangular Shaped","9.5","","","","","North","City Road",7.0,"Urban Planning Area outside Urbanization Area and Urbanization Control Area",70,200,"2nd quarter 2014","Dealings of adjacent land"
278,"Agricultural Land","","25213","Shiga Prefecture","Higashiomi City","Ikeshocho","","",200000,"","820",,"","","","","","","","",,"",,,"2nd quarter 2014",""
279,"Agricultural Land","","25213","Shiga Prefecture","Higashiomi City","Imacho","","",57000,"","120",,"","","","","","","","",,"",,,"2nd quarter 2014",""
280,"Agricultural Land","","25213","Shiga Prefecture","Higashiomi City","Imacho","","",440000,"","940",,"","","","","","","","",,"",,,"2nd quarter 2014",""
281,"Residential Land(Land and Building)","Residential Area","25213","Shiga Prefecture","Higashiomi City","Eigenjitakanocho","Yokaichi","2H-",500000,"","1000",,"Semi-trapezoidal Shaped","50.0m or longer.","40","","W","House","Southwest","Prefectural Road",,"Outside Urban Planning Area",,,"2nd quarter 2014",""
282,"Agricultural Land","","25213","Shiga Prefecture","Higashiomi City","Ogawacho","","",390000,"","3900",,"","","","","","","","",,"",,,"2nd quarter 2014",""
283,"Residential Land(Land Only)","Commercial Area","25213","Shiga Prefecture","Higashiomi City","Kakimicho","Notogawa","5",17000000,"","280",61000,"Semi-trapezoidal Shaped","15.8","","","","","Northwest","City Road",4.5,"Commercial District",80,400,"2nd quarter 2014",""
284,"Agricultural Land","","25213","Shiga Prefecture","Higashiomi City","Kamigishimotocho","","",460000,"","1500",,"","","","","","","","",,"",,,"2nd quarter 2014",""
285,"Agricultural Land","","25213","Shiga Prefecture","Higashiomi City","Kamigishimotocho","","",910000,"","3000",,"","","","","","","","",,"",,,"2nd quarter 2014",""
286,"Agricultural Land","","25213","Shiga Prefecture","Higashiomi City","Kamigishimotocho","","",200000,"","670",,"","","","","","","","",,"",,,"2nd quarter 2014",""
287,"Residential Land(Land Only)","Residential Area","25213","Shiga Prefecture","Higashiomi City","Gokashoishizukacho","Gokasho","30-60minutes",8900000,"","165",54000,"Semi-trapezoidal Shaped","15.1","","","","","Northeast","Road",6.0,"Semi-industrial District",60,200,"2nd quarter 2014",""
288,"Residential Land(Land and Building)","Residential Area","25213","Shiga Prefecture","Higashiomi City","Gokashoishibajicho","Gokasho","30-60minutes",3400000,"","230",,"Semi-trapezoidal Shaped","16.5","95","1977","LS","House","Northwest","City Road",8.0,"Urbanization Control Area",70,200,"2nd quarter 2014",""
289,"Residential Land(Land Only)","Industrial Area","25213","Shiga Prefecture","Higashiomi City","Gokashoobatacho","Gokasho","6",30000000,"","1300",23000,"Irregular Shaped","18.2","","","","","East","Prefectural Road",7.0,"Category 1 Residential District",60,200,"2nd quarter 2014",""
290,"Residential Land(Land Only)","Residential Area","25213","Shiga Prefecture","Higashiomi City","Gokashoyanazecho","Gokasho","19",7900000,"","170",47000,"Semi-rectangular Shaped","12.0","","","","","Northeast","Road",6.0,"Category 1 Exclusive Mid-high Rise Residential District",60,200,"2nd quarter 2014",""
291,"Agricultural Land","","25213","Shiga Prefecture","Higashiomi City","Gokashoyamamotocho","","",69000,"","140",,"","","","","","","","",,"",,,"2nd quarter 2014",""
292,"Residential Land(Land and Building)","Residential Area","25213","Shiga Prefecture","Higashiomi City","Sanocho","Notogawa","9",12000000,"","120",,"Semi-rectangular Shaped","9.0","95","1995","W","House","Southwest","Private Road",4.0,"Category 1 Exclusive Mid-high Rise Residential District",60,200,"2nd quarter 2014",""
293,"Forest Land","","25213","Shiga Prefecture","Higashiomi City","Shimonakanocho","","",200000,"","430",,"","","","","","","","",,"",,,"2nd quarter 2014",""
294,"Residential Land(Land Only)","Residential Area","25213","Shiga Prefecture","Higashiomi City","Taikojicho","Notogawa","12",16000000,"","200",79000,"Rectangular Shaped","9.9","","","","","Southwest","Road",6.0,"Category 1 Exclusive Mid-high Rise Residential District",60,200,"2nd quarter 2014",""
295,"Residential Land(Land Only)","Residential Area","25213","Shiga Prefecture","Higashiomi City","Taikojicho","Notogawa","12",13000000,"","560",22000,"Semi-rectangular Shaped","44.8","","","","","Northeast","City Road",4.7,"Category 1 Exclusive Mid-high Rise Residential District",60,200,"2nd quarter 2014",""
296,"Residential Land(Land and Building)","Residential Area","25213","Shiga Prefecture","Higashiomi City","Tanecho","Notogawa","30-60minutes",2200000,"","185",,"Semi-trapezoidal Shaped","12.5","100","1978","LS","House","Northwest","City Road",6.9,"Urbanization Control Area",70,200,"2nd quarter 2014",""
297,"Residential Land(Land Only)","Residential Area","25213","Shiga Prefecture","Higashiomi City","Hiramatsucho","Yokaichi","1H-1H30",250000,"","125",2000,"Semi-rectangular Shaped","10.0","","","","","Southwest","Road",3.0,"Urban Planning Area outside Urbanization Area and Urbanization Control Area",70,200,"2nd quarter 2014","Dealings in which auction or arbiter participates"
298,"Residential Land(Land Only)","Commercial Area","25213","Shiga Prefecture","Higashiomi City","Yamakamicho","Yokaichi","2H-",1200000,"","770",1600,"Semi-rectangular Shaped","","","","","","South","National Highway",10.5,"Outside Urban Planning Area",,,"2nd quarter 2014",""
299,"Residential Land(Land and Building)","Residential Area","25213","Shiga Prefecture","Higashiomi City","Yamakamicho","Yokaichi","2H-",1300000,"","115",,"Semi-rectangular Shaped","15.0","95","","W","House","Northwest","City Road",5.5,"Outside Urban Planning Area",,,"2nd quarter 2014",""
300,"Agricultural Land","","25214","Shiga Prefecture","Maibara City","Kashiwabara","","",2000000,"","330",,"","","","","","","","",,"",,,"2nd quarter 2014",""
301,"Residential Land(Land Only)","Residential Area","25214","Shiga Prefecture","Maibara City","Maihara","Maibara","5",4000000,"","230",18000,"Semi-rectangular Shaped","10.0","","","","","Northwest","City Road",5.0,"Commercial District",80,400,"2nd quarter 2014",""
302,"Forest Land","","25383","Shiga Prefecture","Hino Town,Gamou County","Oaza Oiguchi","","",20000,"","1200",,"","","","","","","","",,"",,,"2nd quarter 2014",""
303,"Residential Land(Land Only)","Commercial Area","25383","Shiga Prefecture","Hino Town,Gamou County","Okubo","Hino (Shiga)","30-60minutes",1500000,"","60",25000,"Semi-rectangular Shaped","5.0","","","","","Northwest","Road",4.0,"Near Commercial District",80,200,"2nd quarter 2014",""
304,"Forest Land","","25383","Shiga Prefecture","Hino Town,Gamou County","Oaza Sugi","","",600000,"","5000 m^2 or greater.",,"","","","","","","","",,"",,,"2nd quarter 2014",""
305,"Agricultural Land","","25383","Shiga Prefecture","Hino Town,Gamou County","Oaza Nakayama","","",300000,"","810",,"","","","","","","","",,"",,,"2nd quarter 2014",""
306,"Forest Land","","25383","Shiga Prefecture","Hino Town,Gamou County","Oaza Hasama","","",1200000,"","3500",,"","","","","","","","",,"",,,"2nd quarter 2014",""
307,"Forest Land","","25383","Shiga Prefecture","Hino Town,Gamou County","Oaza Hasama","","",93000,"","5000 m^2 or greater.",,"","","","","","","","",,"",,,"2nd quarter 2014",""
308,"Agricultural Land","","25384","Shiga Prefecture","Ryuo Town,Gamou County","Oaza Oguchi","","",2400000,"","310",,"","","","","","","","",,"",,,"2nd quarter 2014",""
309,"Agricultural Land","","25384","Shiga Prefecture","Ryuo Town,Gamou County","Oaza Yamanoue","","",180000,"","3000",,"","","","","","","","",,"",,,"2nd quarter 2014",""
310,"Residential Land(Land Only)","Residential Area","25425","Shiga Prefecture","Aisho Town,Echi County","Kano","Echigawa","1H-1H30",3200000,"","360",9100,"Irregular Shaped","8.6","","","","","Northeast","Town Road",3.2,"Urban Planning Area outside Urbanization Area and Urbanization Control Area",,,"2nd quarter 2014",""
311,"Residential Land(Land and Building)","Residential Area","25441","Shiga Prefecture","Toyosato Town,Inukami County","Oaza Anjikiminami","Toyosato (Shiga)","20",2300000,"","230",,"Semi-square Shaped","15.1","185","1986","W","House","Northwest","Town Road",6.0,"Urban Planning Area outside Urbanization Area and Urbanization Control Area",70,200,"2nd quarter 2014",""
